,impute,test,testP
hit_speed,3.931871668595209,2.199523715365544,1.249677720862332
hit_angle,4.418733869552162,6.274626651547434,1.6767822548106748
hit_distance_sc,14.48265839975329,3.933248549420765,6.164374249836188
