,impute,test,testP
hit_speed,2.45730107378,2.37418702842,1.38567295995
hit_angle,2.07916337246,3.79503670649,1.24370776311
hit_distance_sc,5.62536683407,18.0768827289,3.47030322327
