,impute,test,testP
hit_speed,0.921317728184,5.98285281818,0.910468710997
hit_angle,1.10429468351,3.64918147798,1.07985007296
hit_distance_sc,16.2964047595,6.39317084182,3.58926521471
